ID,Text,Comment
ModSettingsBox.GameNotChangeable,Can't be changed during the game.,Shown as a tooltip over the mod settings that can't be changed during the game
ModSettingsBox.MainMenuNotChangeable,Can't be changed in main menu.,"Same as above, but for the main menu"
ModSettingsBox.MapEditorNotChangeable,Can't be changed in the map editor.,"Same as above, but for the map editor"
ModSettingsBox.ResetMessage,Do you want to reset all settings to default?,
ModSettingsBox.ResetToDefault,Reset to default,